time,seconds_elapsed,z,y,x
1725630558900642000,0.03064208984375,0.08054090291261673,0.3166394531726837,0.607831597328186
1725630558910676200,0.04067626953125,0.1070815920829773,0.29940059781074524,0.7106460928916931
1725630558920710100,0.050710205078125,0.1451738327741623,0.29808127880096436,0.7853062152862549
1725630558930744000,0.060744140625,0.15666060149669647,0.3457866311073303,0.8737044930458069
1725630558940778200,0.0707783203125,0.09704973548650742,0.3467693328857422,0.9255940318107605
1725630558950812200,0.080812255859375,-0.16531087458133698,0.4857305884361267,0.9421401619911194
1725630558960846000,0.09084619140625,-0.39458587765693665,0.5081296563148499,0.918559730052948
1725630558970880000,0.1008798828125,-0.47558146715164185,0.34831756353378296,0.9361202120780945
1725630558980914200,0.1109140625,-0.4678513705730438,0.14549203217029572,0.9530957341194153
1725630558990948000,0.120947998046875,-0.43683233857154846,-0.004539664834737778,0.9473310708999634
1725630559000982000,0.13098193359375,-0.3711007237434387,-0.05463479086756706,0.8931323289871216
1725630559011016200,0.14101611328125,-0.11106924712657928,-0.032670579850673676,0.8304926156997681
1725630559021050000,0.151050048828125,-0.028925642371177673,-0.015236195176839828,0.6835209727287292
1725630559031084000,0.161083984375,-0.07801470160484314,-0.007482041139155626,0.5387311577796936
1725630559041118200,0.1711181640625,-0.30491283535957336,-0.0008608902571722865,0.43186649680137634
1725630559051152100,0.181152099609375,-0.5799480676651001,-0.13800063729286194,0.31185391545295715
1725630559061186000,0.19118603515625,-0.7143623232841492,-0.3047017455101013,0.2743656635284424
1725630559071220200,0.20122021484375,-0.6454342603683472,-0.45174914598464966,0.2804754972457886
1725630559081254100,0.211254150390625,-0.42630377411842346,-0.685955286026001,0.24407222867012024
1725630559091288000,0.2212880859375,-0.29489150643348694,-0.987088680267334,0.22723883390426636
1725630559101322200,0.231322265625,-0.21526911854743958,-1.3409589529037476,0.27124303579330444
1725630559111356200,0.241356201171875,-0.07448679953813553,-1.553574800491333,0.45791298151016235
1725630559121390000,0.25139013671875,0.07200276851654053,-1.5811136960983276,0.767874538898468
1725630559131424300,0.26142431640625,0.05835403874516487,-1.539165735244751,1.0803289413452148
1725630559141458000,0.2714580078125,-0.0531461238861084,-1.4891334772109985,1.3332397937774658
1725630559151492000,0.2814921875,-0.1951250284910202,-1.4732707738876343,1.5064431428909302
1725630559161526300,0.2915263671875,-0.33865290880203247,-1.4961103200912476,1.5881932973861694
1725630559171560000,0.301559814453125,-0.39591315388679504,-1.7103744745254517,1.5555726289749146
1725630559181594000,0.311593994140625,-0.4095996618270874,-1.8318495750427246,1.42665696144104
1725630559191628300,0.321628173828125,-0.352238267660141,-1.7143458127975464,1.2623357772827148
1725630559201662000,0.331661865234375,-0.22359216213226318,-1.2787405252456665,0.9573751091957092
1725630559211696000,0.341696044921875,0.09519649296998978,-0.7055529952049255,0.543635368347168
1725630559221730300,0.351730224609375,0.6108566522598267,-0.20833179354667664,0.1958686113357544
1725630559231764000,0.361763916015625,1.0438086986541748,0.2399626523256302,-0.10777910053730011
1725630559241798100,0.371798095703125,1.1162149906158447,0.178710475564003,-0.5050774812698364
1725630559251832300,0.381832275390625,0.9160006642341614,0.13433481752872467,-0.9125692844390869
1725630559261866000,0.391865966796875,0.5838464498519897,0.35122746229171753,-1.1182230710983276
1725630559271900200,0.401900146484375,0.3340664505958557,0.6670793890953064,-1.1205652952194214
1725630559281934300,0.411934326171875,0.18632037937641144,0.9409812688827515,-1.0351314544677734
1725630559291968000,0.421968017578125,0.07337626069784164,1.0739431381225586,-0.9356381297111511
1725630559302002200,0.432002197265625,-0.013940270058810711,1.1265640258789062,-0.8270738124847412
1725630559312037000,0.442037109375,-0.02032657340168953,1.097800374031067,-0.7387263178825378
1725630559322070000,0.452070068359375,0.024469660595059395,1.0041351318359375,-0.6893821954727173
1725630559332104200,0.462104248046875,0.05070554465055466,0.9093191623687744,-0.7077170610427856
1725630559342139100,0.47213916015625,0.10631182044744492,0.80609530210495,-0.7892646789550781
1725630559352173000,0.482173095703125,0.21474872529506683,0.7578859925270081,-0.8785892724990845
1725630559362207200,0.492207275390625,0.28990045189857483,0.7683135867118835,-0.9027841091156006
1725630559372241200,0.5022412109375,0.2765123248100281,0.721798837184906,-0.8660989999771118
1725630559382275000,0.512275146484375,0.10218525677919388,0.41958069801330566,-0.8340970873832703
1725630559392309200,0.522309326171875,-0.010681849904358387,0.5482874512672424,-0.6434359550476074
1725630559402343000,0.532343017578125,-0.03702690452337265,0.7818397283554077,-0.3368275463581085
1725630559412377000,0.542377197265625,-0.00274083623662591,0.932511568069458,-0.054477594792842865
1725630559422411300,0.552411376953125,-0.06510301679372787,0.9114046692848206,0.03808509558439255
1725630559432445000,0.56244482421875,-0.18855634331703186,0.8287242650985718,-0.0059639401733875275
1725630559442479000,0.57247900390625,-0.2611463963985443,0.7668089866638184,-0.048181433230638504
1725630559452513300,0.58251318359375,-0.24459727108478546,0.8416165113449097,-0.06691963225603104
1725630559462547000,0.592546875,-0.1982521414756775,1.044677495956421,-0.0938684269785881
1725630559472581000,0.6025810546875,-0.16040705144405365,1.2362987995147705,-0.11898090690374374
1725630559482615300,0.612615234375,-0.14881670475006104,1.3475252389907837,-0.12622258067131042
1725630559492649000,0.62264892578125,-0.12375358492136002,1.3741867542266846,-0.17159776389598846
1725630559502683100,0.63268310546875,-0.08690209686756134,1.3168889284133911,-0.22198982536792755
1725630559512717300,0.64271728515625,-0.05503014102578163,1.1909935474395752,-0.23988953232765198
1725630559522751000,0.6527509765625,-0.007652770262211561,1.000566005706787,-0.25702351331710815
1725630559532785200,0.66278515625,0.10977841913700104,0.7970998883247375,-0.2819792926311493
1725630559542819300,0.6728193359375,0.20427855849266052,0.7078712582588196,-0.2517220377922058
1725630559552853000,0.68285302734375,0.24206605553627014,0.5863348841667175,-0.1886211633682251
1725630559562887200,0.69288720703125,0.27805787324905396,0.431831032037735,-0.11864155530929565
1725630559572921000,0.702921142578125,0.3254845142364502,0.24824149906635284,-0.05621226876974106
1725630559582955000,0.712955078125,0.3892320692539215,0.09045799821615219,-0.05773213505744934
1725630559592989200,0.7229892578125,0.4229241609573364,-0.055312853306531906,-0.12333279848098755
1725630559603023000,0.733023193359375,0.44450828433036804,-0.16016922891139984,-0.21819166839122772
1725630559613057000,0.74305712890625,0.5194803476333618,-0.1492781639099121,-0.2859613001346588
1725630559623091200,0.75309130859375,0.6558901071548462,-0.008082687854766846,-0.2941582500934601
1725630559633125000,0.763125,0.8094772100448608,0.15840266644954681,-0.2525079548358917
1725630559643159000,0.773158935546875,0.9014707803726196,0.2555241584777832,-0.17418144643306732
1725630559653193200,0.783193115234375,0.8641496300697327,0.2972935140132904,-0.06474862992763519
1725630559663227100,0.79322705078125,0.9957859516143799,0.21965117752552032,0.0705799013376236
1725630559673261000,0.803260986328125,1.1364126205444336,-0.19392921030521393,0.23817263543605804
1725630559683295200,0.813295166015625,1.3186391592025757,-0.2030486762523651,0.5037353038787842
1725630559693329200,0.8233291015625,1.4293358325958252,0.033512841910123825,0.7577885985374451
1725630559703363000,0.833363037109375,1.35687255859375,0.30006277561187744,0.9437224864959717
1725630559713397200,0.843397216796875,1.067539930343628,0.4667898118495941,0.9613911509513855
1725630559723430700,0.8534306640625,0.7591795325279236,0.5639067888259888,0.6415886282920837
1725630559733464800,0.86346484375,0.7811801433563232,0.5445182919502258,0.11734510213136673
1725630559743498800,0.873498779296875,1.03718101978302,0.3659266531467438,-0.2525109648704529
1725630559753532700,0.88353271484375,1.2593436241149902,0.2319616675376892,-0.5139027833938599
1725630559763566800,0.89356689453125,1.3782646656036377,-0.0319080576300621,-0.5896531939506531
1725630559773600500,0.9036005859375,1.3874504566192627,-0.4586851894855499,-0.626372754573822
1725630559783634700,0.913634765625,1.5314158201217651,-0.6613069772720337,-0.5682335495948792
1725630559793668900,0.9236689453125,1.9603124856948853,-0.5749268531799316,-0.4019070565700531
1725630559803702500,0.93370263671875,2.6944241523742676,-0.5205624103546143,-0.12887446582317352
1725630559813736700,0.94373681640625,3.1629202365875244,-0.46061307191848755,0.06316176056861877
1725630559823771000,0.95377099609375,2.9872045516967773,-0.47957849502563477,0.06873735785484314
1725630559833804500,0.963804443359375,2.159263849258423,-0.6893632411956787,-0.11082369834184647
1725630559843838700,0.973838623046875,1.4015014171600342,-0.7491373419761658,-0.26126059889793396
1725630559853873000,0.983872802734375,1.0304546356201172,-0.44612839818000793,-0.2503485083580017
1725630559863906600,0.993906494140625,0.9083258509635925,-0.2774919867515564,-0.34694957733154297
1725630559873940700,1.003940673828125,1.134478211402893,-0.46003907918930054,-0.676203191280365
1725630559883975000,1.013974853515625,1.424085259437561,-0.27470117807388306,-0.9742346405982971
1725630559894008600,1.024008544921875,1.6927928924560547,0.0440988726913929,-1.2252780199050903
1725630559904042800,1.034042724609375,1.966322898864746,0.11562924832105637,-1.379015326499939
1725630559914077000,1.044076904296875,2.212437868118286,0.18930856883525848,-1.5024813413619995
1725630559924110600,1.054110595703125,2.3846304416656494,0.13455398380756378,-1.62262761592865
1725630559934144800,1.064144775390625,2.564053535461426,-0.09445211291313171,-1.6012738943099976
1725630559944178700,1.0741787109375,2.7063374519348145,-0.4354477822780609,-1.3229224681854248
1725630559954212600,1.084212646484375,2.8293681144714355,-0.8481486439704895,-0.8766648173332214
1725630559964246800,1.094246826171875,2.9551239013671875,-1.2804758548736572,-0.4236728250980377
1725630559974280700,1.10428076171875,3.0655510425567627,-1.621681571006775,-0.06266117095947266
1725630559984314600,1.114314697265625,3.148085355758667,-1.7179268598556519,0.20163145661354065
1725630559994348800,1.124348876953125,3.152273654937744,-1.6423728466033936,0.37608617544174194
1725630560004382700,1.1343828125,3.1312954425811768,-1.493112325668335,0.46473562717437744
1725630560014416600,1.144416748046875,3.0454888343811035,-1.3811752796173096,0.43127521872520447
1725630560024450800,1.154450927734375,2.930184841156006,-1.423140048980713,0.36114302277565
1725630560034484700,1.164484619140625,2.8295271396636963,-1.7262994050979614,0.34389838576316833
1725630560044518700,1.1745185546875,2.8187501430511475,-2.177431344985962,0.5014166235923767
1725630560054552800,1.184552734375,2.9100003242492676,-2.83042049407959,0.8290584683418274
1725630560064586800,1.194586669921875,3.129319429397583,-3.506164312362671,1.2501130104064941
1725630560074620700,1.20462060546875,3.502376079559326,-4.156493663787842,1.6271487474441528
1725630560084654600,1.214654541015625,3.8537824153900146,-4.517130374908447,1.734337329864502
1725630560094688800,1.224688720703125,4.011531829833984,-4.5697102546691895,1.5690699815750122
1725630560104722700,1.23472265625,4.0048370361328125,-4.588583469390869,1.2418819665908813
1725630560114756600,1.244756591796875,3.8771843910217285,-4.40948486328125,0.8198555707931519
1725630560124790800,1.254790771484375,3.647465467453003,-3.9507076740264893,0.37911513447761536
1725630560134824700,1.26482470703125,3.382800817489624,-3.363565683364868,0.04040755331516266
1725630560144858600,1.274858642578125,3.1935524940490723,-2.6448025703430176,-0.1926741749048233
1725630560154892800,1.284892822265625,3.0628418922424316,-1.9596165418624878,-0.11406715959310532
1725630560164926700,1.2949267578125,3.1375670433044434,-1.4651464223861694,0.2962433993816376
1725630560174960600,1.304960693359375,3.1819660663604736,-1.4793064594268799,0.9439647197723389
1725630560184994800,1.314994873046875,3.193941831588745,-1.535565733909607,1.7262437343597412
1725630560195028700,1.32502880859375,3.2211666107177734,-1.6212003231048584,2.288954496383667
1725630560205062700,1.335062744140625,3.194232225418091,-1.6621259450912476,2.527599811553955
1725630560215096800,1.345096923828125,3.2359700202941895,-1.5384855270385742,2.4856250286102295
1725630560225130800,1.355130859375,3.424389123916626,-1.2266621589660645,2.313549518585205
1725630560235164700,1.36516455078125,3.7100555896759033,-0.7936937808990479,2.18589186668396
1725630560245198800,1.37519873046875,4.003876686096191,-0.3893851935863495,2.2645788192749023
1725630560255232500,1.385232421875,4.0945234298706055,-0.271024614572525,2.6216118335723877
1725630560265266700,1.3952666015625,3.8546230792999268,-0.48561522364616394,3.3288230895996094
1725630560275300900,1.40530078125,3.502204656600952,-0.9778220057487488,4.119755744934082
1725630560285334500,1.41533447265625,3.341096878051758,-1.354475498199463,4.5975260734558105
1725630560295368700,1.42536865234375,3.1567728519439697,-1.2954840660095215,4.636336326599121
1725630560305403000,1.43540283203125,2.6749725341796875,-0.8053396344184875,4.3312554359436035
1725630560315436500,1.4454365234375,2.529914379119873,-0.09229540079832077,4.121531963348389
1725630560325470700,1.455470703125,2.245790481567383,0.5871912240982056,3.8535118103027344
1725630560335505000,1.4655048828125,1.7279949188232422,1.0669946670532227,3.610097885131836
1725630560345538600,1.47553857421875,1.1072778701782227,1.1731141805648804,3.3662543296813965
1725630560355572700,1.48557275390625,0.4128113389015198,1.13619065284729,3.1355648040771484
1725630560365607000,1.49560693359375,-0.23317457735538483,0.8971333503723145,2.7834854125976562
1725630560375640600,1.505640625,-0.7312501668930054,0.5491700768470764,2.25997257232666
1725630560385674800,1.5156748046875,-0.7120735049247742,-0.3099505603313446,0.23018507659435272
1725630560395708700,1.525708740234375,-0.6698273420333862,-0.1649380922317505,-1.5682265758514404
1725630560405742600,1.53574267578125,-0.7231792211532593,-0.6033164858818054,-2.0355405807495117
1725630560415776800,1.54577685546875,-0.7524332404136658,-1.3903895616531372,-1.854370355606079
1725630560425810700,1.555810791015625,-1.0549944639205933,-1.355496883392334,-1.2384973764419556
1725630560435844600,1.5658447265625,-1.300971269607544,-0.8659911155700684,-0.5894317030906677
1725630560445878800,1.575878662109375,-0.8490939736366272,-0.4723585546016693,-0.03684418275952339
1725630560455912700,1.58591259765625,-0.584678590297699,-0.3349609076976776,0.22575193643569946
1725630560465946600,1.595946533203125,-0.9741259217262268,-0.20950260758399963,0.279135525226593
1725630560475980800,1.605980712890625,-1.2681777477264404,-0.5172907114028931,0.13397575914859772
1725630560486014700,1.6160146484375,-1.3799947500228882,-1.0691378116607666,-0.285228967666626
1725630560496048600,1.626048583984375,-1.3170362710952759,-1.3319048881530762,-0.5758742094039917
1725630560506082800,1.636082763671875,-1.0255072116851807,-1.7898896932601929,-1.1793891191482544
1725630560516116700,1.64611669921875,-0.7171330451965332,-1.9211152791976929,-0.6147115230560303
1725630560526150700,1.656150634765625,-0.7571036219596863,-1.9655523300170898,-0.12651143968105316
1725630560536184800,1.666184814453125,-1.0858581066131592,-1.9362741708755493,0.019235864281654358
1725630560546218800,1.67621875,-1.3633605241775513,-2.036600351333618,-0.44314324855804443
1725630560556252700,1.686252685546875,-1.4369481801986694,-1.3863756656646729,-0.8295652866363525
1725630560566286800,1.696286865234375,-1.503738284111023,0.092563696205616,-1.1072603464126587
1725630560576320800,1.70632080078125,-1.6399072408676147,1.4680814743041992,-1.355231523513794
1725630560586354700,1.716354736328125,-1.672098994255066,2.2841110229492188,-1.5671693086624146
1725630560596388600,1.726388671875,-1.4500738382339478,2.49377179145813,-1.4988389015197754
1725630560606422800,1.7364228515625,-1.0901726484298706,1.9786717891693115,-1.0701887607574463
1725630560616456700,1.746456787109375,-0.6935743093490601,1.0116941928863525,-0.31808868050575256
1725630560626490600,1.75649072265625,-0.39294734597206116,-0.016334204003214836,0.49977821111679077
1725630560636524800,1.76652490234375,-0.2529626190662384,-0.9721533060073853,1.1137076616287231
1725630560646558700,1.776558837890625,-0.26277369260787964,-1.5538673400878906,1.4570869207382202
1725630560656592600,1.786592529296875,-0.2751132845878601,-1.6658738851547241,1.5329159498214722
1725630560666626800,1.796626708984375,-0.2392495572566986,-1.4418495893478394,1.321487545967102
1725630560676660700,1.80666064453125,-0.2696741223335266,-0.833043098449707,0.9418959021568298
1725630560686694700,1.816694580078125,-0.40728843212127686,-0.10945986211299896,0.5129035115242004
1725630560696728800,1.826728759765625,-0.7557298541069031,0.3535703122615814,0.04178646579384804
1725630560706762800,1.8367626953125,-1.2131550312042236,0.765097439289093,-0.41971802711486816
1725630560716796700,1.846796630859375,-1.862257480621338,0.9367496967315674,-0.8584378361701965
1725630560726830800,1.856830810546875,-2.8425424098968506,0.9223462343215942,-1.1573227643966675
1725630560736865000,1.866864990234375,-3.358163595199585,1.4405415058135986,-1.2228714227676392
1725630560746899000,1.87689892578125,-3.222609043121338,1.9520654678344727,-1.3957343101501465
1725630560756932900,1.886932861328125,-2.93571400642395,2.5180699825286865,-1.5385924577713013
1725630560766966800,1.896966796875,-2.8866076469421387,3.0387377738952637,-1.8479835987091064
1725630560777001000,1.9070009765625,-2.4001882076263428,3.765828847885132,-2.136728048324585
1725630560787035000,1.917034912109375,-1.8300185203552246,4.134542465209961,-2.062321662902832
1725630560797068800,1.92706884765625,-1.5221550464630127,3.938596487045288,-1.570481777191162
1725630560807103000,1.93710302734375,-1.1749954223632812,3.2977046966552734,-1.107614517211914
1725630560817137000,1.947136962890625,-0.7911286950111389,2.7907352447509766,-1.011243224143982
1725630560827170800,1.9571708984375,-0.3348463475704193,2.47183895111084,-1.1855313777923584
1725630560837205000,1.967205078125,0.18348190188407898,2.3555290699005127,-1.6029270887374878
1725630560847239000,1.977239013671875,0.6473520994186401,2.616400718688965,-2.2440507411956787
1725630560857272800,1.98727294921875,1.283674955368042,3.3644771575927734,-3.01029109954834
1725630560867307000,1.99730712890625,1.899581789970398,3.7491202354431152,-3.583550214767456
1725630560877341000,2.0073408203125,2.3948211669921875,3.2568368911743164,-3.6351611614227295
1725630560887374800,2.017374755859375,2.881488561630249,2.5770554542541504,-3.412442207336426
1725630560897409000,2.027408935546875,3.361466407775879,1.7056320905685425,-2.9277915954589844
1725630560907443000,2.03744287109375,3.7430176734924316,0.6936184167861938,-2.1563608646392822
1725630560917476900,2.047476806640625,3.9503402709960938,0.09584439545869827,-1.4097942113876343
1725630560927511000,2.057510986328125,4.384047508239746,-0.6885018348693848,-0.8434221148490906
1725630560937544700,2.067544677734375,4.8294148445129395,-1.2625325918197632,-0.1675025373697281
1725630560947579000,2.077578857421875,5.0413432121276855,-1.7092459201812744,0.5359570980072021
1725630560957613000,2.087613037109375,4.997916221618652,-1.5231034755706787,1.063875436782837
1725630560967646700,2.097646728515625,5.053895950317383,-0.9844592213630676,1.2524157762527466
1725630560977681000,2.107680908203125,5.068597316741943,-0.005612386390566826,1.0124316215515137
1725630560987715000,2.117715087890625,4.781383514404297,1.1767663955688477,0.6328557133674622
1725630560997748700,2.127748779296875,4.145498752593994,2.0297043323516846,0.3754569888114929
1725630561007783000,2.137782958984375,3.247967004776001,2.474982738494873,0.11607871204614639
1725630561017817000,2.147817138671875,2.1779041290283203,2.380706310272217,-0.07384316623210907
1725630561027850800,2.157850830078125,1.209041953086853,1.9595723152160645,-0.13247105479240417
1725630561037885000,2.167885009765625,0.32253432273864746,1.4653173685073853,-0.08646297454833984
1725630561047919000,2.177919189453125,-0.05839623883366585,0.8451794981956482,0.17679661512374878
1725630561057952800,2.187952880859375,-0.13287025690078735,0.38105687499046326,0.363247811794281
1725630561067987000,2.197987060546875,-0.3654491901397705,0.5589776635169983,0.356669545173645
1725630561078021000,2.208021240234375,-0.5766457319259644,1.1649588346481323,0.11254806816577911
1725630561088054800,2.2180546875,-0.921937882900238,2.1815764904022217,-0.1050039604306221
1725630561098089000,2.2280888671875,-1.4900126457214355,3.3414556980133057,-0.40490174293518066
1725630561108123000,2.238122802734375,-2.1825122833251953,4.3209967613220215,-0.7845236659049988
1725630561118156800,2.24815673828125,-2.8708536624908447,4.388669013977051,-1.1483434438705444
1725630561128191000,2.25819091796875,-3.595186471939087,3.9649770259857178,-1.3120061159133911
1725630561138225000,2.268224853515625,-4.589887619018555,3.480658531188965,-1.23098886013031
1725630561148258800,2.2782587890625,-5.269586086273193,2.664447546005249,-1.2091447114944458
1725630561158293000,2.28829296875,-5.546359539031982,1.189136266708374,-1.151345133781433
1725630561168328000,2.298327880859375,-5.6645989418029785,0.12351208925247192,-1.1114956140518188
1725630561178361900,2.30836181640625,-5.065957069396973,-1.0033828020095825,-0.9723341464996338
1725630561188396000,2.31839599609375,-4.045111656188965,-1.3229620456695557,-0.5870999097824097
1725630561198429700,2.3284296875,-3.596205472946167,-1.6178168058395386,-0.5121170282363892
1725630561208464000,2.3384638671875,-3.9534218311309814,-1.5269296169281006,-0.5774974226951599
1725630561218498000,2.348498046875,-3.900733470916748,-1.1476260423660278,-0.391686350107193
1725630561228531700,2.35853173828125,-3.165437698364258,-0.4033231735229492,0.08534254133701324
1725630561238566000,2.36856591796875,-2.525146484375,0.5409795641899109,-0.07606494426727295
1725630561248600000,2.37860009765625,-2.1757142543792725,1.3857561349868774,-0.6812304854393005
1725630561258633700,2.3886337890625,-2.030214786529541,1.9193947315216064,-1.5038022994995117
1725630561268668000,2.39866796875,-2.0185062885284424,1.7065354585647583,-2.218435049057007
1725630561278702000,2.4087021484375,-2.0135657787323,1.0145878791809082,-2.74544358253479
1725630561288735700,2.41873583984375,-1.4651460647583008,-0.5667240023612976,-2.606086015701294
1725630561298770000,2.42877001953125,-0.15562662482261658,-3.178382635116577,-1.8474563360214233
1725630561308804000,2.43880419921875,0.6149920225143433,-5.364721775054932,-0.6869149804115295
1725630561318837800,2.448837646484375,0.1301565170288086,-5.934433460235596,0.5519869327545166
1725630561328872000,2.458871826171875,-0.3252519965171814,-5.396181583404541,2.3532705307006836
1725630561338906000,2.468906005859375,-0.4412729740142822,-4.458705902099609,3.62213134765625
1725630561348939800,2.478939697265625,-0.9476941227912903,-4.980769157409668,3.9684765338897705
1725630561358974000,2.488973876953125,-1.3633602857589722,-5.5204691886901855,3.907806873321533
1725630561369007900,2.4990078125,-1.5562716722488403,-5.766268253326416,4.16514253616333
1725630561379041800,2.509041748046875,-1.4714692831039429,-6.145227909088135,4.596070289611816
1725630561389076000,2.519075927734375,-1.389046549797058,-7.505954742431641,5.138967037200928
1725630561399110000,2.52910986328125,-1.4366888999938965,-9.468301773071289,6.097400188446045
1725630561409143800,2.539143798828125,-1.289443016052246,-11.350334167480469,7.3097615242004395
1725630561419178000,2.549177978515625,-1.1945990324020386,-12.949477195739746,8.605199813842773
1725630561429212000,2.5592119140625,-1.4301151037216187,-14.185386657714844,9.851747512817383
1725630561439245800,2.569245849609375,-2.1445302963256836,-14.898838996887207,10.743806838989258
1725630561449280000,2.579280029296875,-2.6019017696380615,-14.375265121459961,11.042481422424316
1725630561459314000,2.58931396484375,-2.853088140487671,-12.947952270507812,11.003741264343262
1725630561469347800,2.599347900390625,-2.8606460094451904,-10.862663269042969,10.690053939819336
1725630561479382000,2.609382080078125,-2.5281665325164795,-7.5588603019714355,9.912859916687012
1725630561489416000,2.619416015625,-2.241685628890991,-3.87442946434021,8.54404067993164
1725630561499449900,2.629449951171875,-2.2438766956329346,-0.7739421725273132,7.410635471343994
1725630561509484000,2.639484130859375,-2.2293894290924072,2.7329249382019043,6.28566312789917
1725630561519518000,2.64951806640625,-2.0996503829956055,9.25095272064209,1.2470815181732178
1725630561529552000,2.6595517578125,-1.4206689596176147,9.852901458740234,-3.5433297157287598
1725630561539585800,2.669585693359375,-1.0358692407608032,7.086021423339844,-5.900582313537598
1725630561549620000,2.679619873046875,-0.7180878520011902,4.384568691253662,-6.3818840980529785
1725630561559654000,2.68965380859375,-0.18600477278232574,2.6768996715545654,-5.700653076171875
1725630561569687800,2.699687744140625,0.25233930349349976,1.9204931259155273,-4.272816181182861
1725630561579722000,2.709721923828125,0.3507130742073059,1.3750418424606323,-2.6382827758789062
1725630561589756000,2.719755859375,0.05272423475980759,0.8743907809257507,-1.2728641033172607
1725630561599789800,2.729789794921875,-0.13769453763961792,0.5798299908638,-0.23383353650569916
1725630561609824000,2.739823974609375,-0.018072260543704033,0.2820174992084503,0.4667312204837799
1725630561619858000,2.74985791015625,0.26768848299980164,0.11552464216947556,0.8246855139732361
1725630561629891800,2.759891845703125,0.5706995129585266,0.4992547333240509,0.9502775073051453
1725630561639926000,2.769926025390625,0.7328082323074341,1.242929220199585,0.8626649975776672
1725630561649960000,2.7799599609375,0.8616107106208801,1.7443995475769043,0.7040183544158936
1725630561659993900,2.789993896484375,0.9094445109367371,2.1480634212493896,0.582538366317749
1725630561670028000,2.800028076171875,0.8428449630737305,2.40315580368042,0.49851906299591064
1725630561680062000,2.81006201171875,0.659298837184906,2.503831386566162,0.4845114052295685
1725630561690095900,2.820095947265625,0.4545494318008423,2.4078526496887207,0.5176408886909485
1725630561700130000,2.830130126953125,0.14782677590847015,2.294870138168335,0.6590179800987244
1725630561710163700,2.840163818359375,-0.4877443313598633,0.9737085700035095,0.649253249168396
1725630561720198000,2.850197998046875,-1.0716336965560913,0.3312278687953949,0.5689537525177002
1725630561730232000,2.860232177734375,-1.1655830144882202,0.6688801646232605,0.5922348499298096
1725630561740265700,2.870265625,-0.7602691054344177,1.021591067314148,0.6375442147254944
1725630561750300000,2.8802998046875,-0.23954734206199646,1.8147497177124023,0.6990607976913452
1725630561760334000,2.890333984375,-0.023047642782330513,2.1347179412841797,0.6290785074234009
1725630561770367700,2.90036767578125,0.04860178008675575,2.0925145149230957,0.4083860516548157
1725630561780402000,2.91040185546875,0.03771888464689255,1.925114631652832,0.08667648583650589
1725630561790435800,2.920435791015625,0.1004541739821434,1.7822719812393188,-0.18314674496650696
1725630561800469800,2.9304697265625,0.20654815435409546,1.874155044555664,-0.3382450342178345
1725630561810504000,2.94050390625,0.31507864594459534,1.9243977069854736,-0.3786100447177887
1725630561820537900,2.950537841796875,0.41843554377555847,1.7433494329452515,-0.3676896095275879
1725630561830571800,2.96057177734375,0.49807658791542053,1.2675155401229858,-0.29796698689460754
1725630561840606000,2.97060595703125,0.655011773109436,0.8695583939552307,-0.18875670433044434
1725630561850640000,2.980639892578125,0.9593599438667297,0.9267681241035461,-0.3078937232494354
1725630561860673800,2.990673828125,1.2119362354278564,1.2397829294204712,-0.43615755438804626
1725630561870708000,3.0007080078125,1.5021004676818848,1.1960325241088867,-0.4043663442134857
1725630561880742000,3.010741943359375,1.895738959312439,1.0096077919006348,-0.29157012701034546
1725630561890775800,3.02077587890625,2.1203691959381104,1.2016571760177612,-0.2099122703075409
1725630561900810000,3.03081005859375,2.3229589462280273,1.4701744318008423,-0.18593940138816833
1725630561910844000,3.040843994140625,2.1160364151000977,1.8692972660064697,-0.28298795223236084
1725630561920877800,3.0508779296875,1.6093614101409912,2.291806221008301,-0.5412683486938477
1725630561930911700,3.060911865234375,1.1279658079147339,2.4260857105255127,-0.8509314060211182
1725630561940946000,3.07094580078125,1.1925283670425415,1.6505553722381592,-1.0205349922180176
1725630561950979800,3.080979736328125,1.2794408798217773,0.2814778685569763,-1.1878063678741455
1725630561961013800,3.091013671875,0.9899893999099731,-0.681498110294342,-1.311018943786621
1725630561971048000,3.1010478515625,0.4739883840084076,-0.621342122554779,-1.2095611095428467
1725630561981081900,3.111081787109375,0.03843790665268898,-0.13963179290294647,-0.8834440112113953
1725630561991115800,3.12111572265625,-0.29312700033187866,0.19032001495361328,-0.5447469353675842
1725630562001150000,3.13114990234375,-0.41048553586006165,0.45412111282348633,-0.3577169179916382
1725630562011183900,3.141183837890625,-0.35029464960098267,0.8325541615486145,-0.33320730924606323
1725630562021217800,3.1512177734375,-0.24199359118938446,1.1627981662750244,-0.37080636620521545
1725630562031252000,3.161251953125,-0.1591026932001114,1.371808648109436,-0.3316829204559326
1725630562041286000,3.171285888671875,-0.13456010818481445,1.43183434009552,-0.1815522164106369
1725630562051319800,3.18131982421875,-0.13676601648330688,1.3891324996948242,-0.01397600769996643
1725630562061354000,3.19135400390625,-0.11156170070171356,1.2927016019821167,0.1362145096063614
1725630562071388000,3.201387939453125,-0.06612923741340637,1.1764661073684692,0.2691477835178375
1725630562081421800,3.211421875,0.015123690478503704,1.0992578268051147,0.38175076246261597
1725630562091456000,3.2214560546875,0.048254210501909256,1.0460387468338013,0.5301596522331238
1725630562101489700,3.23148974609375,-0.0011095015797764063,0.9616201519966125,0.7689094543457031
1725630562111523800,3.24152392578125,-0.09909651428461075,0.8717272877693176,1.0450081825256348
1725630562121558000,3.25155810546875,-0.20015472173690796,0.8503791689872742,1.3047491312026978
1725630562131591700,3.261591796875,-0.3109566271305084,0.898966908454895,1.5292693376541138
1725630562141625900,3.2716259765625,-0.4739975929260254,0.995298445224762,1.6721301078796387
1725630562151660000,3.281659912109375,-0.6490740180015564,1.121711015701294,1.7234714031219482
1725630562161693700,3.291693603515625,-0.785094141960144,1.3047564029693604,1.6916022300720215
1725630562171728000,3.301727783203125,-0.9304838180541992,1.5903534889221191,1.6236004829406738
1725630562181762000,3.311761962890625,-1.0833781957626343,1.8910259008407593,1.5355473756790161
1725630562191795700,3.321795654296875,-1.241799235343933,2.1571261882781982,1.4203009605407715
1725630562201830000,3.331829833984375,-1.371945858001709,2.3725574016571045,1.2758195400238037
1725630562211864000,3.341864013671875,-1.4893803596496582,2.559330701828003,1.1511591672897339
1725630562221897700,3.351897705078125,-1.5988729000091553,2.7505946159362793,1.088882327079773
1725630562231932000,3.361931884765625,-1.6731154918670654,2.952932596206665,1.0711039304733276
1725630562241966000,3.371966064453125,-1.7065355777740479,3.1881794929504395,1.0787644386291504
1725630562251999700,3.381999755859375,-1.711691975593567,3.5153586864471436,1.1124931573867798
1725630562262034000,3.392033935546875,-1.687954306602478,3.936368703842163,1.205635905265808
1725630562272067800,3.40206787109375,-1.5826542377471924,4.322253704071045,1.3687881231307983
1725630562282101800,3.412101806640625,-1.28829824924469,4.235178470611572,1.2750385999679565
1725630562292136000,3.422135986328125,-0.9045193195343018,3.666970729827881,0.8059983253479004
1725630562302169900,3.432169921875,-0.6005324721336365,3.1544463634490967,0.3410893678665161
1725630562312203800,3.442203857421875,-0.35514935851097107,2.5951778888702393,0.026468336582183838
1725630562322238000,3.452238037109375,-0.1464589387178421,2.019430637359619,-0.1261439174413681
1725630562332271900,3.46227197265625,0.004334830678999424,1.4559247493743896,-0.19840292632579803
1725630562342305800,3.472305908203125,0.12238408625125885,0.9863278865814209,-0.24860350787639618
1725630562352340000,3.482340087890625,0.23172283172607422,0.5593171715736389,-0.2853125333786011
1725630562362374000,3.492373779296875,0.2737172544002533,0.08430702984333038,-0.27633336186408997
1725630562372407800,3.50240771484375,0.23325133323669434,-0.39217349886894226,-0.19819006323814392
1725630562382442000,3.51244189453125,0.14620688557624817,-0.5995815992355347,-0.06263605505228043
1725630562392476000,3.522475830078125,0.025277800858020782,-0.42655766010284424,0.04673118516802788
1725630562402509800,3.532509765625,-0.10290169715881348,-0.11109146475791931,0.04355579987168312
1725630562412544000,3.5425439453125,-0.20095503330230713,0.18366719782352448,-0.02955755963921547
1725630562422578000,3.552577880859375,-0.26932230591773987,0.5054867267608643,-0.09720093756914139
1725630562432611800,3.56261181640625,-0.2917860448360443,0.6663318276405334,-0.18271024525165558
1725630562442645800,3.572645751953125,-0.2990109324455261,0.5340458154678345,-0.26315104961395264
1725630562452680000,3.582679931640625,-0.2396264225244522,0.21779674291610718,-0.2725301682949066
1725630562462713900,3.5927138671875,-0.08711835741996765,-0.14494769275188446,-0.1867348849773407
1725630562472747800,3.602747802734375,0.1252405047416687,-0.532491147518158,-0.047218792140483856
1725630562482782000,3.612781982421875,0.33905351161956787,-0.8057692050933838,0.0693356841802597
1725630562492816000,3.62281591796875,0.5397413372993469,-0.9922847151756287,0.14784647524356842
1725630562502849800,3.632849853515625,0.7057124972343445,-0.9756953716278076,0.22413425147533417
1725630562512884000,3.642884033203125,0.8728780746459961,-0.5606542229652405,0.4482738971710205
1725630562522918000,3.65291796875,0.9316538572311401,-0.37191593647003174,0.6429792642593384
1725630562532951800,3.662951904296875,0.9355151653289795,-0.3149447739124298,0.7573045492172241
1725630562542986000,3.672986083984375,0.788007915019989,-0.19741803407669067,0.8371924161911011
1725630562553020000,3.68302001953125,0.45936936140060425,0.004816546570509672,0.8995516896247864
1725630562563053800,3.6930537109375,0.20230595767498016,0.16086748242378235,0.9550922513008118
1725630562573088000,3.703087890625,0.04981202259659767,0.2620564103126526,0.9769938588142395
1725630562583122000,3.713121826171875,-0.15642057359218597,0.3022781312465668,0.883601725101471
1725630562593155800,3.72315576171875,-0.5071967244148254,0.5871527194976807,0.6616307497024536
1725630562603190000,3.73318994140625,-0.570642352104187,1.108303427696228,0.2722839117050171
1725630562613223700,3.7432236328125,-0.4789073169231415,1.5659762620925903,-0.17582249641418457
1725630562623259000,3.7532587890625,-0.34338706731796265,1.7190085649490356,-0.5985569953918457
1725630562633292800,3.763292724609375,-0.16140475869178772,1.6339586973190308,-0.9878288507461548
1725630562643325700,3.77332568359375,0.01975521259009838,1.5273475646972656,-1.315759301185608
1725630562653361000,3.78336083984375,0.2185753583908081,1.1454036235809326,-1.5105628967285156
1725630562663394800,3.793394775390625,0.3313516676425934,0.6568294763565063,-1.539264440536499
1725630562673429000,3.803428955078125,0.3093675374984741,0.3667159080505371,-1.3922913074493408
1725630562683463000,3.813462890625,0.2575371563434601,0.057335015386343,-1.145071268081665
1725630562693496800,3.823496826171875,0.2456624060869217,-0.47377920150756836,-0.8435686826705933
1725630562703530800,3.83353076171875,0.23889678716659546,-1.0981074571609497,-0.5069150924682617
1725630562713565000,3.84356494140625,0.15552547574043274,-1.415911316871643,-0.2142145037651062
1725630562723598800,3.853598876953125,0.025181788951158524,-1.5146468877792358,-0.036884330213069916
1725630562733632500,3.863632568359375,-0.07369339466094971,-1.5913432836532593,0.009653609246015549
1725630562743666700,3.873666748046875,-0.16058027744293213,-1.7103009223937988,-0.0364818200469017
1725630562753700600,3.88370068359375,-0.24383069574832916,-1.6151864528656006,-0.09179887175559998
1725630562763734500,3.893734619140625,-0.3009415864944458,-1.406314492225647,-0.14507202804088593
1725630562773768700,3.903768798828125,-0.3060514032840729,-1.2695497274398804,-0.19251784682273865
1725630562783802600,3.913802734375,-0.2576737105846405,-1.1372332572937012,-0.234796941280365
1725630562793836500,3.92383642578125,-0.1799967885017395,-1.0459696054458618,-0.24131156504154205
1725630562803870700,3.93387060546875,-0.049203772097826004,-1.002407431602478,-0.24621626734733582
1725630562813904600,3.943904541015625,0.13062803447246552,-0.9255030155181885,-0.2921994626522064
1725630562823938600,3.9539384765625,0.3063267171382904,-0.6448122262954712,-0.3628402650356293
1725630562833972500,3.963972412109375,0.4236631989479065,-0.16736465692520142,-0.3837125301361084
1725630562844006700,3.974006591796875,0.5204319357872009,0.2623925507068634,-0.35857725143432617
1725630562854040600,3.98404052734375,0.6072424650192261,0.5319401621818542,-0.29191404581069946
1725630562864074500,3.994074462890625,0.6774228811264038,0.6946718096733093,-0.21581821143627167
1725630562874108700,4.004108642578125,0.7252218127250671,0.7275794148445129,-0.13198216259479523
1725630562884142600,4.014142578125,0.7376068234443665,0.7510400414466858,-0.06893552839756012
1725630562894176500,4.024176513671875,0.7006293535232544,0.8239515423774719,-0.044902097433805466
1725630562904210700,4.034210693359375,0.5586366653442383,0.8775866627693176,-0.012043528258800507
1725630562914244600,4.04424462890625,0.3558140695095062,0.9799442291259766,0.034052327275276184
1725630562924278500,4.054278564453125,0.13408711552619934,1.1972758769989014,0.06313275545835495
1725630562934312700,4.064312744140625,-0.08709453791379929,1.3605362176895142,0.07680889219045639
1725630562944346600,4.0743466796875,-0.11155577749013901,1.7823108434677124,-0.2780104875564575
1725630562954380500,4.084380615234375,-0.048109427094459534,1.9354565143585205,-0.8248485326766968
1725630562964414700,4.094414794921875,0.05361899733543396,1.633326768875122,-1.3036367893218994
1725630562974448600,4.10444873046875,0.2079302817583084,1.09385085105896,-1.5030237436294556
1725630562984482600,4.114482666015625,0.3234952986240387,0.5165756344795227,-1.4406896829605103
1725630562994516700,4.124516845703125,0.30055296421051025,-0.001545017003081739,-1.28125
1725630563004550400,4.13455029296875,0.22549375891685486,-0.3939439654350281,-1.2378782033920288
1725630563014584600,4.14458447265625,0.26565369963645935,-0.7143451571464539,-1.3458925485610962
1725630563024618800,4.15461865234375,0.39272356033325195,-1.0378377437591553,-1.4436241388320923
1725630563034652400,4.16465234375,0.4934949278831482,-1.3420172929763794,-1.4722692966461182
1725630563044686600,4.1746865234375,0.47133901715278625,-1.5875248908996582,-1.4241020679473877
1725630563054720800,4.184720703125,0.2907109260559082,-1.7614490985870361,-1.309524655342102
1725630563064754400,4.19475439453125,0.12644286453723907,-1.8373043537139893,-1.1669985055923462
1725630563074788600,4.20478857421875,0.04607931524515152,-1.810352087020874,-1.0216962099075317
1725630563084822500,4.214822509765625,0.06146873161196709,-1.685233473777771,-0.8717193603515625
1725630563094856400,4.2248564453125,0.1482614129781723,-1.5037449598312378,-0.6992405652999878
1725630563104890600,4.234890625,0.24494734406471252,-1.063071370124817,-0.4370419681072235
1725630563114924500,4.244924560546875,0.149498850107193,-0.24878621101379395,-0.08832073956727982
1725630563124958500,4.25495849609375,-0.11469919234514236,0.4812324643135071,0.1698809266090393
1725630563134992600,4.26499267578125,-0.2702770531177521,1.0353598594665527,0.28228896856307983
1725630563145026600,4.275026611328125,-0.30393272638320923,1.5062061548233032,0.41617903113365173
1725630563155060500,4.285060546875,-0.2150457501411438,1.8375614881515503,0.6064714193344116
1725630563165094700,4.2950947265625,-0.07200756669044495,2.0033392906188965,0.807900071144104
1725630563175128600,4.305128662109375,0.05529152974486351,1.9939512014389038,0.9994865655899048
1725630563185162500,4.31516259765625,0.1256539225578308,1.771284818649292,1.139398455619812
1725630563195196700,4.32519677734375,0.2233075052499771,1.4124220609664917,1.239951729774475
1725630563205230600,4.335230712890625,0.35240861773490906,1.1658650636672974,1.3225897550582886
1725630563215264500,4.345264404296875,0.44282370805740356,1.0419007539749146,1.4111316204071045
1725630563225298700,4.355298583984375,0.4654231369495392,0.9758901000022888,1.510616421699524
1725630563235332600,4.36533251953125,0.41562947630882263,0.8747442960739136,1.615133285522461
1725630563245366500,4.375366455078125,0.34409379959106445,0.9150741696357727,1.7281094789505005
1725630563255400700,4.385400634765625,0.23699504137039185,0.9308395385742188,1.8172435760498047
1725630563265434600,4.3954345703125,0.000287175877019763,0.8004618883132935,1.775126576423645
1725630563275468500,4.405468505859375,-0.4376576840877533,0.4592670202255249,1.553950548171997
1725630563285502700,4.415502685546875,-0.9800291657447815,-0.09886956959962845,1.305181860923767
1725630563295536600,4.42553662109375,-1.4156972169876099,-0.6166461110115051,1.191762924194336
1725630563305570600,4.435570556640625,-1.6450005769729614,-1.195156216621399,1.2090108394622803
1725630563315604500,4.4456044921875,-1.7507821321487427,-1.6919825077056885,1.2664152383804321
1725630563325638700,4.455638671875,-1.74042546749115,-2.180067777633667,1.2614011764526367
1725630563335672600,4.465672607421875,-1.6343306303024292,-2.6252670288085938,1.1178569793701172
1725630563345706500,4.47570654296875,-1.4517422914505005,-2.9916958808898926,0.823921799659729
1725630563355740700,4.48574072265625,-1.2172144651412964,-3.369473695755005,0.5043091773986816
1725630563365774600,4.495774658203125,-0.9001384973526001,-3.879417896270752,0.19725680351257324
1725630563375808500,4.50580859375,-0.5620110630989075,-4.343338966369629,-0.05158044770359993
1725630563385842700,4.5158427734375,-0.2704540491104126,-4.479193687438965,-0.17073605954647064
1725630563395876600,4.525876708984375,-0.06673366576433182,-4.203644752502441,-0.12970393896102905
1725630563405910500,4.53591064453125,0.02932661399245262,-3.6966352462768555,-0.06074284762144089
1725630563415944700,4.54594482421875,0.031645432114601135,-3.14235258102417,-0.02796253003180027
1725630563425978600,4.555978515625,-0.002646530279889703,-2.721622943878174,-0.04802113398909569
1725630563436012500,4.566012451171875,-0.05979903042316437,-2.408731460571289,-0.1467389166355133
1725630563446046500,4.57604638671875,-0.14314165711402893,-2.0960617065429688,-0.2981775999069214
1725630563456080600,4.58608056640625,-0.21164348721504211,-1.6137490272521973,-0.3613334000110626
1725630563466114600,4.596114501953125,-0.25984427332878113,-0.8356075286865234,-0.2585811913013458
1725630563476148500,4.6061484375,-0.2957887053489685,0.03380937874317169,-0.0827888697385788
1725630563486182400,4.616182373046875,-0.2789776921272278,0.7136295437812805,0.05341387912631035
1725630563496216600,4.626216552734375,-0.23058168590068817,1.1640985012054443,0.12884685397148132
1725630563506250500,4.63625048828125,-0.19114689528942108,1.3288893699645996,0.17222751677036285
1725630563516284400,4.646284423828125,-0.13973429799079895,1.1904881000518799,0.2002149522304535
1725630563526318600,4.656318603515625,-0.0546274296939373,0.9067556858062744,0.249755397439003
1725630563536352500,4.6663525390625,0.024596018716692924,0.8197405934333801,0.3790856897830963
1725630563546386400,4.676386474609375,0.05050310492515564,1.1533468961715698,0.6157329082489014
1725630563556420600,4.686420654296875,-0.00952854286879301,1.7180241346359253,0.8824455738067627
1725630563566454500,4.69645458984375,-0.03863251954317093,2.0128583908081055,1.0516908168792725
1725630563576488400,4.706488525390625,0.009078013710677624,1.995274543762207,1.1141669750213623
1725630563586522600,4.716522705078125,0.12404243648052216,2.1540801525115967,1.2601674795150757
1725630563596556500,4.726556640625,0.19652409851551056,2.1992266178131104,1.32080078125
1725630563606590500,4.736590576171875,0.12378774583339691,2.1622512340545654,1.2374416589736938
1725630563616624600,4.746624755859375,0.027838045731186867,2.159237861633301,1.0316081047058105
1725630563626658600,4.756658447265625,-0.029666664078831673,2.1748764514923096,0.7532906532287598
1725630563636692500,4.7666923828125,-0.09949980676174164,2.122821092605591,0.4554382264614105
1725630563646726700,4.7767265625,-0.23666122555732727,2.0486350059509277,0.12402874231338501
1725630563656760600,4.786760498046875,-0.35183438658714294,2.010540723800659,-0.21019050478935242
1725630563666794500,4.79679443359375,-0.47234827280044556,2.0352864265441895,-0.45334675908088684
1725630563676828700,4.80682861328125,-0.5512241721153259,1.9123029708862305,-0.5957540273666382
1725630563686862600,4.816862548828125,-0.5039910078048706,1.4887360334396362,-0.6339671611785889
1725630563696896500,4.826896484375,-0.36242586374282837,1.173058271408081,-0.5588300824165344
1725630563706930700,4.8369306640625,-0.14383721351623535,1.1304636001586914,-0.4204533100128174
1725630563716964600,4.846964599609375,0.0832100510597229,1.2272026538848877,-0.28408268094062805
1725630563726999300,4.856999267578125,0.22120225429534912,1.5574984550476074,-0.17639794945716858
1725630563737033500,4.867033447265625,0.37183088064193726,1.7064381837844849,-0.1288948804140091
1725630563747067100,4.877067138671875,0.5726047158241272,1.2968567609786987,-0.15661266446113586
1725630563757101300,4.887101318359375,0.6886239647865295,0.9850245118141174,-0.18106848001480103
1725630563767135500,4.897135498046875,0.7703882455825806,0.8609580993652344,-0.16749657690525055
1725630563777169200,4.907169189453125,0.829825758934021,0.2104857861995697,-0.19164586067199707
1725630563787203300,4.917203369140625,0.8269663453102112,-0.7266256213188171,-0.2761440575122833
1725630563797238300,4.92723828125,0.8106385469436646,-1.3111484050750732,-0.36059102416038513
1725630563807272200,4.937272216796875,0.8107151985168457,-1.5950018167495728,-0.4026390612125397
1725630563817306400,4.947306396484375,0.8127319812774658,-1.8305139541625977,-0.3994278311729431
1725630563827340300,4.95734033203125,0.7631925344467163,-1.9197945594787598,-0.35828152298927307
1725630563837374200,4.967374267578125,0.6914249062538147,-1.7416397333145142,-0.35055381059646606
1725630563847408400,4.977408447265625,0.639468252658844,-1.3015915155410767,-0.3627028465270996
1725630563857442300,4.9874423828125,0.6344079971313477,-0.9152320027351379,-0.34882432222366333
1725630563867476200,4.997476318359375,0.6089250445365906,-0.6968281865119934,-0.29268959164619446
1725630563877510400,5.007510498046875,0.523957371711731,-0.5380321741104126,-0.21618549525737762
1725630563887544000,5.0175439453125,0.41658034920692444,-0.2909804880619049,-0.15228025615215302
1725630563897578200,5.027578125,0.31962424516677856,0.0242626816034317,-0.09338951110839844
1725630563907612400,5.0376123046875,0.2731471061706543,0.40342438220977783,-0.03221312165260315
1725630563917646000,5.04764599609375,0.2948063313961029,0.7134836912155151,0.02904863841831684
1725630563927680300,5.05768017578125,0.3560536503791809,0.9526196718215942,0.046936601400375366
1725630563937714400,5.06771435546875,0.38901957869529724,1.1339918375015259,-0.013334996998310089
1725630563947748000,5.077748046875,0.3841273784637451,1.2186779975891113,-0.147974893450737
1725630563957782300,5.0877822265625,0.38508665561676025,1.2277770042419434,-0.33442598581314087
1725630563967816400,5.09781640625,0.3827705979347229,1.034661054611206,-0.48560240864753723
1725630563977850000,5.10785009765625,0.3474554717540741,0.7019325494766235,-0.5935581922531128
1725630563987884300,5.11788427734375,0.1909586489200592,0.5287185311317444,-0.7587997317314148
1725630563997918500,5.12791845703125,-0.150673508644104,0.6740874648094177,-1.2361555099487305
1725630564007952100,5.1379521484375,-0.4480913579463959,0.7888476848602295,-1.7545015811920166
1725630564017986300,5.147986328125,-0.4725160002708435,0.5251532196998596,-1.977506160736084
1725630564028020500,5.1580205078125,-0.30832064151763916,0.0171359870582819,-1.8603546619415283
1725630564038054100,5.16805419921875,-0.06743055582046509,-0.25175485014915466,-1.6163897514343262
1725630564048088300,5.17808837890625,0.1902310997247696,-0.24152697622776031,-1.3849390745162964
1725630564058122200,5.188122314453125,0.3353843092918396,-0.15559181571006775,-1.1960183382034302
1725630564068156200,5.19815625,0.4030129611492157,-0.16551995277404785,-1.0584434270858765
1725630564078190300,5.2081904296875,0.45574966073036194,-0.369596928358078,-0.9656258225440979
1725630564088224300,5.218224365234375,0.47777658700942993,-0.696218729019165,-0.906416654586792
1725630564098258200,5.228258056640625,0.36482393741607666,-0.8485262393951416,-0.7869735956192017
1725630564108292400,5.238292236328125,0.1441965103149414,-0.624557375907898,-0.5419503450393677
1725630564118326300,5.248326171875,-0.1189858466386795,-0.4048726558685303,-0.2813810408115387
1725630564128360200,5.258360107421875,-0.32538026571273804,-0.20881107449531555,-0.06076693907380104
1725630564138394400,5.268394287109375,-0.3921305239200592,0.02430126816034317,0.16868488490581512
1725630564148428300,5.27842822265625,-0.3766492009162903,0.21047212183475494,0.375982403755188
1725630564158462200,5.288462158203125,-0.37495169043540955,0.3416498303413391,0.5177767872810364
1725630564168496400,5.298496337890625,-0.3277018368244171,0.5326308012008667,0.6694767475128174
1725630564178530300,5.3085302734375,-0.22182360291481018,0.7585752606391907,0.8695840239524841
1725630564188564200,5.318564208984375,-0.15406623482704163,0.9086213707923889,1.0750967264175415
1725630564198598400,5.328598388671875,-0.08069402724504471,0.9781287908554077,1.2291797399520874
1725630564208632300,5.33863232421875,-0.015206126496195793,1.0769165754318237,1.3186416625976562
1725630564218666200,5.348666259765625,-0.05307547748088837,1.3781864643096924,1.344032883644104
1725630564228700200,5.3587001953125,-0.24022385478019714,1.5942795276641846,1.3617565631866455
1725630564238734300,5.368734375,-0.528231680393219,1.57026207447052,1.3521665334701538
1725630564248768300,5.378768310546875,-0.8828650116920471,1.4352596998214722,1.3043617010116577
1725630564258802200,5.38880224609375,-1.0717896223068237,1.333785891532898,1.2036670446395874
1725630564268836400,5.39883642578125,-1.047783374786377,1.1075102090835571,1.0657477378845215
1725630564278870300,5.408870361328125,-0.9147574305534363,0.8294367790222168,0.9285106658935547
1725630564288904200,5.418904296875,-0.7423046231269836,0.4843255877494812,0.7545239925384521
1725630564298938400,5.4289384765625,-0.5482544302940369,0.13380007445812225,0.5718958377838135
1725630564308972300,5.43897216796875,-0.30090492963790894,-0.16040818393230438,0.40972766280174255
1725630564319006200,5.449006103515625,-0.061874788254499435,-0.29098379611968994,0.2937299609184265
1725630564329040400,5.459040283203125,0.10646828263998032,-0.25514206290245056,0.2015174925327301
1725630564339074300,5.46907421875,0.17685535550117493,-0.23583707213401794,0.1394599825143814
1725630564349108200,5.479108154296875,0.1582794189453125,-0.25781679153442383,0.14378945529460907
1725630564359142400,5.489142333984375,0.09157709032297134,-0.07832317799329758,0.21169979870319366
1725630564369176300,5.49917626953125,-0.007938029244542122,0.13116447627544403,0.2946481704711914
1725630564379210200,5.509210205078125,-0.11308149248361588,0.14943936467170715,0.3815902769565582
1725630564389244400,5.519244384765625,-0.20299449563026428,0.09403403848409653,0.48136353492736816
1725630564399278000,5.529278076171875,-0.2605954706668854,0.15255194902420044,0.5854837894439697
1725630564409312300,5.539312255859375,-0.26572203636169434,0.23891322314739227,0.6390990018844604
1725630564419346400,5.549346435546875,-0.23927471041679382,0.24896745383739471,0.6289100050926208
1725630564429380000,5.559380126953125,-0.20373843610286713,0.2867683172225952,0.5757738947868347
1725630564439414300,5.569414306640625,-0.13951285183429718,0.30925363302230835,0.4842875897884369
1725630564449449200,5.57944921875,-0.04598241299390793,0.3659345805644989,0.38446131348609924
1725630564459483400,5.5894833984375,0.04446199908852577,0.5754481554031372,0.3050224184989929
1725630564469517300,5.599517333984375,0.10454462468624115,0.8206733465194702,0.24774019420146942
1725630564479551200,5.60955126953125,0.1645059585571289,0.9491852521896362,0.2066183239221573
1725630564489585200,5.619585205078125,0.18044297397136688,1.0636743307113647,0.20011916756629944
1725630564499619300,5.629619384765625,0.15245608985424042,1.1542987823486328,0.2119409292936325
1725630564509653200,5.6396533203125,0.09477436542510986,1.282249927520752,0.30226752161979675
1725630564519687200,5.649687255859375,0.14844663441181183,1.7129493951797485,0.7500689625740051
1725630564529721300,5.659721435546875,0.10102938115596771,1.5606462955474854,1.1302974224090576
1725630564539755300,5.66975537109375,-0.11908407509326935,1.0178247690200806,1.387686848640442
1725630564549789200,5.6797890625,-0.36697784066200256,0.3344985842704773,1.5750449895858765
1725630564559823400,5.6898232421875,-0.577305018901825,-0.31238695979118347,1.6055245399475098
1725630564569857300,5.699857177734375,-0.6840126514434814,-0.6746883392333984,1.584051489830017
1725630564579891200,5.70989111328125,-0.6288412809371948,-1.0101704597473145,1.5092246532440186
1725630564589925400,5.71992529296875,-0.4922434687614441,-1.2663886547088623,1.3505918979644775
1725630564599959300,5.729959228515625,-0.30222001671791077,-1.2689911127090454,1.0931360721588135
1725630564609993200,5.7399931640625,0.07572624087333679,-1.0281057357788086,0.7027696371078491
1725630564620027400,5.75002734375,0.5181611776351929,-0.5400969386100769,0.2526240348815918
1725630564630061300,5.760061279296875,0.759129524230957,0.07321109622716904,-0.16336366534233093
1725630564640095200,5.77009521484375,0.7458664178848267,0.476664274930954,-0.4888402819633484
1725630564650129400,5.78012939453125,0.622534990310669,0.7133685350418091,-0.7308075428009033
1725630564660163000,5.7901630859375,0.417664110660553,0.8435992002487183,-0.9012471437454224
1725630564670197200,5.800197265625,0.19939196109771729,0.7828254103660583,-0.9802842736244202
1725630564680231400,5.8102314453125,0.04833107814192772,0.5595086812973022,-0.9991524815559387
1725630564690265000,5.82026513671875,0.0018521090969443321,0.44925856590270996,-0.9412207007408142
1725630564700299300,5.83029931640625,0.09234046936035156,0.5579696297645569,-0.8141573071479797
1725630564710333400,5.84033349609375,0.24638891220092773,0.5898884534835815,-0.7009143829345703
1725630564720367000,5.8503671875,0.3720342218875885,0.4983380436897278,-0.6775435209274292
1725630564730401300,5.8604013671875,0.4502091407775879,0.40313196182250977,-0.7804848551750183
1725630564740435500,5.870435546875,0.4927603304386139,0.3379788100719452,-0.895274817943573
1725630564750469000,5.88046923828125,0.46030595898628235,0.034270741045475006,-0.900389552116394
1725630564760503300,5.89050341796875,0.39927908778190613,-0.2827056050300598,-0.8019487261772156
1725630564770537500,5.900537353515625,0.348034143447876,-0.5633916258811951,-0.658226490020752
1725630564780571100,5.910571044921875,0.3165196478366852,-0.8306566476821899,-0.5044821500778198
1725630564790605300,5.920605224609375,0.2933594882488251,-1.0650163888931274,-0.34974807500839233
1725630564800639500,5.930639404296875,0.2403295487165451,-1.1432344913482666,-0.22775879502296448
1725630564810673200,5.940673095703125,0.18573378026485443,-1.1123046875,-0.17759832739830017
1725630564820707300,5.950707275390625,0.1472305953502655,-0.8589144945144653,-0.20633064210414886
1725630564830741500,5.960741455078125,0.15872210264205933,-0.6321691870689392,-0.28358522057533264
1725630564840775200,5.970775146484375,0.22097988426685333,-0.6136264204978943,-0.3561212122440338
1725630564850809300,5.980809326171875,0.30858489871025085,-0.7811027765274048,-0.37685316801071167
1725630564860843500,5.990843505859375,0.4141866862773895,-0.837569534778595,-0.3734225034713745
1725630564870877200,6.000877197265625,0.5001109838485718,-0.7620692253112793,-0.3754926025867462
1725630564880911400,6.010911376953125,0.5553372502326965,-0.713901162147522,-0.40566593408584595
1725630564890945300,6.0209453125,0.5925527811050415,-0.6675350069999695,-0.46831014752388
1725630564900979200,6.030979248046875,0.6300340890884399,-0.6122331023216248,-0.553385853767395
1725630564911013400,6.041013427734375,0.6654919385910034,-0.6970344185829163,-0.6100087761878967
1725630564921047300,6.05104736328125,0.693845808506012,-0.7476917505264282,-0.6245126128196716
1725630564931081200,6.061081298828125,0.6722728610038757,-0.7433122396469116,-0.6415262222290039
1725630564941115400,6.071115478515625,0.5728642344474792,-0.8651326894760132,-0.6614304184913635
1725630564951149300,6.0811494140625,0.4514463543891907,-0.8876607418060303,-0.6835660934448242
1725630564961183200,6.091183349609375,0.35066115856170654,-0.7227769494056702,-0.6965072154998779
1725630564971217400,6.101217529296875,0.23943489789962769,-0.5187901258468628,-0.7245534658432007
1725630564981251300,6.111251220703125,0.12469659745693207,-0.3222845196723938,-0.7219541668891907
1725630564991285200,6.12128515625,0.013893082737922668,0.022263789549469948,-0.6722864508628845
1725630565001319400,6.1313193359375,-0.08735977113246918,0.4504745304584503,-0.584753155708313
1725630565011353300,6.141353271484375,-0.25652241706848145,0.8333014845848083,-0.5793129205703735
1725630565021387300,6.15138720703125,-0.5028001070022583,1.1152971982955933,-0.8260385394096375
1725630565031421400,6.16142138671875,-0.6190418004989624,1.0798002481460571,-1.0443239212036133
1725630565041455400,6.171455322265625,-0.687881588935852,0.7908384799957275,-1.0978577136993408
1725630565051489300,6.1814892578125,-0.7611584663391113,0.39901453256607056,-1.071224570274353
1725630565061523200,6.191523193359375,-0.7804620862007141,0.07158312946557999,-1.027307391166687
1725630565071558100,6.20155810546875,-0.7200774550437927,-0.05004226788878441,-0.9464426636695862
1725630565081592300,6.21159228515625,-0.5746102929115295,0.10923659801483154,-0.8079577684402466
1725630565091626500,6.22162646484375,-0.45705682039260864,0.18720778822898865,-0.6867275834083557
1725630565101660200,6.23166015625,-0.4140140116214752,0.154624804854393,-0.6659091114997864
1725630565111694300,6.2416943359375,-0.36383453011512756,0.1544552892446518,-0.6687576770782471
1725630565121728500,6.251728515625,-0.2886340618133545,0.3913959264755249,-0.5738754272460938
1725630565131762200,6.26176220703125,-0.2725631594657898,0.7423189878463745,-0.38328826427459717
1725630565141796400,6.27179638671875,-0.30959680676460266,0.8232612013816833,-0.1934637427330017
1725630565151830300,6.281830322265625,-0.4137590825557709,0.6052210330963135,0.08799602836370468
1725630565161864200,6.2918642578125,-0.5106030702590942,0.26404744386672974,0.42898425459861755
1725630565171898400,6.3018984375,-0.4767647385597229,0.04771897569298744,0.706076443195343
1725630565181932300,6.311932373046875,-0.31666719913482666,-0.10657578706741333,0.8250553011894226
1725630565191966200,6.32196630859375,-0.11392098665237427,-0.32423877716064453,0.7722417712211609
1725630565202000400,6.33200048828125,0.05785663425922394,-0.5931556820869446,0.6660754084587097
1725630565212034300,6.342034423828125,0.17790761590003967,-0.6682888269424438,0.5661851167678833
1725630565222068200,6.352068115234375,0.18747209012508392,-0.6717392206192017,0.5189614295959473
1725630565232102400,6.362102294921875,0.051763731986284256,-0.6872199177742004,0.5048691630363464
1725630565242136300,6.37213623046875,-0.18768319487571716,-0.612463653087616,0.5845639705657959
1725630565252170200,6.382170166015625,-0.4397457540035248,-0.3078104555606842,0.7142534255981445
1725630565262204400,6.392204345703125,-0.612510085105896,-0.04179740697145462,0.7645991444587708
1725630565272238300,6.40223828125,-0.6721540689468384,-0.033012427389621735,0.7587611079216003
1725630565282272300,6.412272216796875,-0.6345542073249817,-0.052926745265722275,0.7492403388023376
1725630565292306400,6.422306396484375,-0.5110847353935242,0.09560291469097137,0.7254623770713806
1725630565302340400,6.43234033203125,-0.31705617904663086,0.1488397717475891,0.6444538235664368
1725630565312374300,6.442374267578125,-0.10287411510944366,0.18663668632507324,0.5252480506896973
1725630565322408200,6.452408203125,0.0632336363196373,0.28430092334747314,0.401881605386734
1725630565332442400,6.4624423828125,0.1294855922460556,0.39935556054115295,0.2616555988788605
1725630565342476300,6.472476318359375,0.1256205439567566,0.5331541299819946,0.12653160095214844
1725630565352510200,6.48251025390625,0.06663738936185837,0.6517630815505981,0.026732034981250763
1725630565362544400,6.49254443359375,-0.011186033487319946,0.8075558543205261,0.017707645893096924
1725630565372578300,6.502578369140625,-0.0776297077536583,0.928580105304718,0.07053878158330917
1725630565382612200,6.5126123046875,-0.1515984833240509,0.9729486107826233,0.18035289645195007
1725630565392646400,6.522646484375,-0.22134573757648468,1.0500162839889526,0.322873592376709
1725630565402680300,6.532680419921875,-0.29588043689727783,0.9917377829551697,0.4211924374103546
1725630565412714200,6.54271435546875,-0.3457447290420532,0.8371164798736572,0.46293333172798157
1725630565422748400,6.55274853515625,-0.3871358335018158,0.6065690517425537,0.4217880368232727
1725630565432782300,6.5627822265625,-0.45765671133995056,0.2132459282875061,0.2901846468448639
1725630565442816300,6.572816162109375,-0.480970561504364,-0.21319034695625305,0.13682839274406433
1725630565452850400,6.582850341796875,-0.44828295707702637,-0.4027770757675171,0.026233283802866936
1725630565462884400,6.59288427734375,-0.43449845910072327,-0.49410831928253174,-0.036826908588409424
1725630565472918300,6.602918212890625,-0.4283195734024048,-0.6413792371749878,-0.07382233440876007
1725630565482952400,6.612952392578125,-0.4394569396972656,-0.6980465054512024,-0.06387169659137726
1725630565492986000,6.622986083984375,-0.4503727853298187,-0.6852506399154663,-0.029743103310465813
1725630565503020300,6.633020263671875,-0.49617940187454224,-0.6135010719299316,-0.020805802196264267
1725630565513054500,6.643054443359375,-0.5412457585334778,-0.39526039361953735,0.02508111670613289
1725630565523088100,6.653088134765625,-0.5235429406166077,-0.14924371242523193,0.17039303481578827
1725630565533122300,6.663122314453125,-0.3013579547405243,0.028021881356835365,0.6511569023132324
1725630565543156500,6.673156494140625,-0.309743732213974,-0.40015023946762085,1.0206013917922974
1725630565553190100,6.683190185546875,-0.42493173480033875,-0.8097114562988281,1.2404985427856445
1725630565563224300,6.693224365234375,-0.520206868648529,-1.0012426376342773,1.275524377822876
1725630565573258500,6.703258544921875,-0.5819252729415894,-0.8845663070678711,1.1595697402954102
1725630565583292200,6.713292236328125,-0.6247670650482178,-0.6053149104118347,0.9466571807861328
1725630565593326300,6.723326416015625,-0.6312848329544067,-0.3023023009300232,0.7020056247711182
1725630565603360500,6.733360595703125,-0.4929525554180145,0.009232143871486187,0.46522924304008484
1725630565613394200,6.743394287109375,-0.34014421701431274,0.2545810639858246,0.08971179276704788
1725630565623428400,6.753428466796875,-0.2178443968296051,0.8324953317642212,-0.33520835638046265
1725630565633463300,6.76346337890625,-0.05369428172707558,1.1711090803146362,-0.19915181398391724
1725630565643497200,6.773497314453125,0.06784466654062271,1.0382000207901,-0.029762256890535355
1725630565653531400,6.783531494140625,0.11037630587816238,0.8664635419845581,-0.04089004918932915
1725630565663565300,6.7935654296875,0.03988909348845482,0.6888812780380249,-0.18712662160396576
1725630565673599200,6.80359912109375,-0.055415619164705276,0.5115005970001221,-0.34372976422309875
1725630567851842000,8.981842041015625,1.697760820388794,1.157151222229004,-0.09689360111951828
1725630567861876200,8.991876220703125,1.5539895296096802,1.1198549270629883,-0.05735577642917633
1725630567871910100,9.00191015625,1.1890982389450073,0.8900436758995056,0.0088844308629632
1725630567881943300,9.011943359375,0.6093645691871643,0.5683788061141968,0.24730658531188965
1725630567891977000,9.02197705078125,-0.09744381904602051,0.16665829718112946,0.5814156532287598
1725630567902011100,9.03201123046875,-0.78465735912323,-0.39085689187049866,0.8591876029968262
1725630567912045300,9.04204541015625,-1.2469098567962646,-0.9110811352729797,1.0724642276763916
1725630567922078200,9.052078125,-1.4213024377822876,-1.1752115488052368,1.2498445510864258
1725630567932112100,9.062112060546875,-1.3964725732803345,-1.148354172706604,1.3451333045959473
1725630567942146000,9.07214599609375,-1.2708075046539307,-0.9083387851715088,1.3560428619384766
1725630567952180200,9.08218017578125,-1.065067172050476,-0.6978760957717896,1.270522117614746
1725630567962213000,9.092213134765625,-0.9155732989311218,-0.5481287240982056,1.0722590684890747
1725630567972247000,9.1022470703125,-0.8076223134994507,-0.4046670198440552,0.8342504501342773
1725630567982281200,9.11228125,-0.7176778316497803,-0.31679999828338623,0.6018640398979187
1725630567992315100,9.122315185546874,-0.6480934023857117,-0.23823951184749603,0.4120270609855652
1725630568002348300,9.132348388671875,-0.6053470373153687,-0.14476948976516724,0.2995481789112091
1725630568012382000,9.1423818359375,-0.7869529724121094,0.23268380761146545,0.32249370217323303
1725630568022416100,9.152416015625,-0.8826345205307007,0.28729909658432007,0.44998377561569214
1725630568032449300,9.16244921875,-0.8791159391403198,-0.0002742251963354647,0.5877204537391663
1725630568042483200,9.172483154296875,-0.8460347056388855,-0.359414279460907,0.7149425745010376
1725630568052517000,9.18251708984375,-0.805778443813324,-0.5218827128410339,0.8924212455749512
1725630568062551300,9.19255126953125,-0.7534241676330566,-0.4648852050304413,1.0448737144470215
1725630568072584200,9.202584228515626,-0.6564708948135376,-0.36667391657829285,1.144083857536316
1725630568082618000,9.2126181640625,-0.537188708782196,-0.32224467396736145,1.1473941802978516
1725630568092652000,9.222652099609375,-0.47383010387420654,-0.30068621039390564,1.0944218635559082
1725630568102686200,9.232686279296875,-0.3510988652706146,-0.28928840160369873,1.025911808013916
1725630568112719000,9.242718994140626,-0.22615909576416016,-0.2468767613172531,0.9360816478729248
1725630568122753000,9.2527529296875,-0.13627848029136658,-0.15458650887012482,0.8168873190879822
1725630568132787200,9.262787109375,-0.13609805703163147,-0.08218815177679062,0.6072387099266052
1725630568142821000,9.272821044921875,-0.1594228297472,0.03154080733656883,0.37006238102912903
1725630568152854300,9.282854248046876,-0.17532284557819366,0.20580466091632843,0.13945035636425018
1725630568162888000,9.292887939453125,-0.1482297033071518,0.3961524963378906,-0.0511225201189518
1725630568172922000,9.302922119140625,-0.12426327168941498,0.5157046318054199,-0.18342500925064087
1725630568182955300,9.312955322265625,-0.1169305294752121,0.5276864767074585,-0.2471880167722702
1725630568192989200,9.3229892578125,-0.10040119290351868,0.4588240385055542,-0.22559653222560883
1725630568203023000,9.333023193359375,-0.08606646209955215,0.38194897770881653,-0.13253849744796753
1725630568213057000,9.34305712890625,-0.08420205116271973,0.2987588047981262,-0.0011830262374132872
1725630568223090200,9.353090087890624,-0.07566608488559723,0.21275389194488525,0.13333190977573395
1725630568233124400,9.363124267578126,-0.06290978193283081,0.14713707566261292,0.23037421703338623
1725630568243158000,9.373157958984375,-0.05553495138883591,0.12185169756412506,0.27657395601272583
1725630568253192200,9.383192138671875,-0.048713069409132004,0.11520347744226456,0.26757070422172546
1725630568263225000,9.39322509765625,-0.0767710730433464,0.07549653947353363,0.21379880607128143
1725630568273259300,9.40325927734375,-0.09836601465940475,0.042132917791604996,0.15022870898246765
1725630568283293200,9.413293212890625,-0.05526274815201759,0.10641443729400635,0.06332069635391235
1725630568293327000,9.4233271484375,0.05089736357331276,0.1480729877948761,-0.02362598106265068
1725630568303360300,9.4333603515625,0.14187785983085632,0.1436590701341629,-0.1020001471042633
1725630568313394200,9.443394287109374,0.1710236817598343,0.12320581078529358,-0.1483810395002365
1725630568323428000,9.453427978515625,0.14787574112415314,0.10192661732435226,-0.16233040392398834
1725630568333462300,9.463462158203125,0.0840139165520668,0.05656751990318298,-0.1619502305984497
1725630568343495200,9.4734951171875,0.040949005633592606,-0.02156190574169159,-0.15281346440315247
1725630568353529000,9.483529052734376,0.015081066638231277,-0.09557707607746124,-0.142107754945755
1725630568363563000,9.49356298828125,-0.019590893760323524,-0.1663050353527069,-0.12514609098434448
1725630568373596200,9.50359619140625,-0.06823933124542236,-0.23650220036506653,-0.11213990300893784
1725630568383630000,9.513630126953124,-0.09836607426404953,-0.29585129022598267,-0.1270086020231247
1725630568393664000,9.5236640625,-0.09445475041866302,-0.31515735387802124,-0.1492498219013214
1725630568403698200,9.5336982421875,-0.07731065154075623,-0.29119423031806946,-0.17168483138084412
1725630568413731000,9.54373095703125,-0.060723677277565,-0.2631954848766327,-0.19833475351333618
1725630568423765200,9.55376513671875,-0.057017356157302856,-0.2402009665966034,-0.21558991074562073
1725630568433799000,9.563798828125,-0.07227366417646408,-0.21983395516872406,-0.2331741750240326
1725630568443833000,9.5738330078125,-0.11190097033977509,-0.19465430080890656,-0.2483493983745575
1725630568453866200,9.5838662109375,-0.14637242257595062,-0.16352783143520355,-0.2734472155570984
1725630568463900200,9.593900146484375,-0.16952115297317505,-0.1277722418308258,-0.30542057752609253
1725630568473934000,9.60393408203125,-0.18356405198574066,-0.10344015061855316,-0.35085493326187134
1725630568483968300,9.61396826171875,-0.191122367978096,-0.09683098644018173,-0.39358749985694885
1725630568494001200,9.624001220703125,-0.20772477984428406,-0.08424062281847,-0.43070608377456665
1725630568504035300,9.634035400390625,-0.2226608544588089,-0.048400331288576126,-0.46619218587875366
1725630568514069000,9.644069091796876,-0.2203061580657959,-0.0270809605717659,-0.504774808883667
1725630568524103200,9.654103271484376,-0.21386636793613434,-0.055353615432977676,-0.5346291065216064
1725630568534136000,9.664135986328125,-0.2014707326889038,-0.0861312597990036,-0.5404882431030273
1725630568544170200,9.674170166015625,-0.18502464890480042,-0.11013806611299515,-0.5218322277069092
1725630568554204200,9.6842041015625,-0.1795794665813446,-0.12217603623867035,-0.4999697804450989
1725630568564237000,9.694237060546875,-0.1751926988363266,-0.15327589213848114,-0.4815002381801605
1725630568574271200,9.704271240234375,-0.1615142971277237,-0.19337038695812225,-0.4800508916378021
1725630568584305200,9.71430517578125,-0.14007984101772308,-0.21364448964595795,-0.4795161187648773
1725630568594339000,9.724339111328124,-0.11087507754564285,-0.19692596793174744,-0.4795704483985901
1725630568604372200,9.734372314453125,-0.08557931333780289,-0.14728277921676636,-0.46861153841018677
1725630568614406100,9.74440625,-0.08034277707338333,-0.07732809334993362,-0.44968149065971375
1725630568624440300,9.7544404296875,-0.09012270718812943,-0.01540906447917223,-0.42739322781562805
1725630568634474000,9.764473876953126,-0.08556275069713593,-0.005065565463155508,-0.39291778206825256
1725630568644507100,9.774507080078125,-0.08131474256515503,-0.029307521879673004,-0.348236083984375
1725630568654541300,9.784541259765625,-0.08470669388771057,-0.05604373291134834,-0.29082611203193665
1725630568664575000,9.794574951171874,-0.07802402228116989,-0.055746257305145264,-0.2337639033794403
1725630568674609200,9.804609130859374,-0.06797004491090775,-0.04085904359817505,-0.19113008677959442
1725630568684642000,9.81464208984375,-0.07853400707244873,-0.024724284186959267,-0.17557908594608307
1725630568694676200,9.82467626953125,-0.09702504426240921,-0.0044153775088489056,-0.18928641080856323
1725630568704710100,9.834710205078125,-0.10953844338655472,0.013546312227845192,-0.21537527441978455
1725630568714744000,9.844744140625,-0.10025539249181747,0.027234723791480064,-0.24459050595760345
1725630568724777200,9.854777099609375,-0.06201772019267082,0.012621159665286541,-0.2448296695947647
1725630568734811000,9.864810791015625,-0.01687832735478878,-0.020288383588194847,-0.2175266146659851
1725630568744844800,9.8748447265625,0.009113593026995659,-0.035263869911432266,-0.17909745872020721
1725630568754877700,9.884877685546876,0.010178163647651672,-0.03400439769029617,-0.15151682496070862
1725630568764911900,9.894911865234375,0.013221357949078083,-0.04531484097242355,-0.16235323250293732
1725630568774945800,9.90494580078125,0.03812442719936371,-0.06550940871238708,-0.2047884315252304
1725630568784979700,9.914979736328124,0.07519322633743286,-0.06937285512685776,-0.2578924000263214
1725630568795012600,9.9250126953125,0.10836032032966614,-0.045520342886447906,-0.31466224789619446
1725630568805046800,9.935046875,0.13916857540607452,-0.03357713297009468,-0.35760945081710815
1725630568815081000,9.9450810546875,0.16256965696811676,0.0090967807918787,-0.3762732148170471
1725630568825114600,9.955114501953124,0.171462744474411,0.10336548835039139,-0.38318145275115967
1725630568835147800,9.965147705078126,0.16644279658794403,0.20669113099575043,-0.38398513197898865
1725630568845181700,9.975181640625,0.14812850952148438,0.23217225074768066,-0.3679230809211731
1725630568855215900,9.9852158203125,0.13008101284503937,0.19203892350196838,-0.331371009349823
1725630568865249800,9.995249755859374,0.09719496220350266,0.1630578637123108,-0.24722284078598022
1725630568875282700,10.00528271484375,0.03823511675000191,0.16427379846572876,-0.09421726316213608
1725630568885316900,10.01531689453125,-0.010578230954706669,0.07525258511304855,0.048613399267196655
1725630568895350800,10.025350830078125,-0.03697414696216583,0.006722932681441307,0.17543451488018036
1725630568905384700,10.035384765625,-0.04726167023181915,-0.06422687321901321,0.2854297161102295
1725630568915417600,10.04541748046875,-0.05758266523480415,-0.1059885323047638,0.3411100208759308
1725630568925451800,10.05545166015625,-0.06387224793434143,-0.10658348351716995,0.3199051320552826
1725630568935486000,10.06548583984375,-0.06411997973918915,-0.07188504189252853,0.23274673521518707
1725630568945518800,10.075518798828124,-0.06422358006238937,-0.008420584723353386,0.09272916615009308
1725630568955552800,10.085552734375,-0.07006637752056122,0.07165849208831787,-0.058365561068058014
1725630568965586700,10.095586669921875,-0.08721420913934708,0.15339596569538116,-0.18042755126953125
1725630568975620900,10.105620849609375,-0.13279491662979126,0.2324981391429901,-0.2170335352420807
1725630568985653800,10.11565380859375,-0.15152838826179504,0.293172150850296,-0.15840564668178558
1725630568995687700,10.125687744140626,-0.15412390232086182,0.2643270492553711,-0.06351523101329803
